{"format": "layers-model", "generatedBy": "keras v3.2.1", "convertedBy": "TensorFlow.js Converter v4.18.0", "modelTopology": {"keras_version": "3.2.1", "backend": "tensorflow", "model_config": {"class_name": "Functional", "config": {"name": "functional_15", "trainable": true, "layers": [{"class_name": "InputLayer", "config": {"batch_shape": [null, 48, 48, 3], "dtype": "float32", "sparse": false, "name": "input_layer_7"}, "name": "input_layer_7", "inbound_nodes": []}, {"class_name": "Conv2D", "config": {"name": "conv1", "trainable": true, "dtype": "float32", "filters": 64, "kernel_size": [3, 3], "strides": [1, 1], "padding": "same", "data_format": "channels_last", "dilation_rate": [1, 1], "groups": 1, "activation": "relu", "use_bias": true, "kernel_initializer": {"module": "keras.initializers", "class_name": "GlorotUniform", "config": {"seed": null}, "registered_name": null}, "bias_initializer": {"module": "keras.initializers", "class_name": "Zeros", "config": {}, "registered_name": null}, "kernel_regularizer": null, "bias_regularizer": null, "activity_regularizer": null, "kernel_constraint": null, "bias_constraint": null}, "name": "conv1", "inbound_nodes": [{"args": [{"class_name": "__keras_tensor__", "config": {"shape": [null, 48, 48, 3], "dtype": "float32", "keras_history": ["input_layer_7", 0, 0]}}], "kwargs": {}}]}, {"class_name": "Conv2D", "config": {"name": "conv2", "trainable": true, "dtype": "float32", "filters": 128, "kernel_size": [3, 3], "strides": [1, 1], "padding": "same", "data_format": "channels_last", "dilation_rate": [1, 1], "groups": 1, "activation": "relu", "use_bias": true, "kernel_initializer": {"module": "keras.initializers", "class_name": "GlorotUniform", "config": {"seed": null}, "registered_name": null}, "bias_initializer": {"module": "keras.initializers", "class_name": "Zeros", "config": {}, "registered_name": null}, "kernel_regularizer": null, "bias_regularizer": null, "activity_regularizer": null, "kernel_constraint": null, "bias_constraint": null}, "name": "conv2", "inbound_nodes": [{"args": [{"class_name": "__keras_tensor__", "config": {"shape": [null, 48, 48, 64], "dtype": "float32", "keras_history": ["conv1", 0, 0]}}], "kwargs": {}}]}, {"class_name": "Conv2D", "config": {"name": "conv3", "trainable": true, "dtype": "float32", "filters": 256, "kernel_size": [3, 3], "strides": [1, 1], "padding": "same", "data_format": "channels_last", "dilation_rate": [1, 1], "groups": 1, "activation": "relu", "use_bias": true, "kernel_initializer": {"module": "keras.initializers", "class_name": "GlorotUniform", "config": {"seed": null}, "registered_name": null}, "bias_initializer": {"module": "keras.initializers", "class_name": "Zeros", "config": {}, "registered_name": null}, "kernel_regularizer": null, "bias_regularizer": null, "activity_regularizer": null, "kernel_constraint": null, "bias_constraint": null}, "name": "conv3", "inbound_nodes": [{"args": [{"class_name": "__keras_tensor__", "config": {"shape": [null, 48, 48, 128], "dtype": "float32", "keras_history": ["conv2", 0, 0]}}], "kwargs": {}}]}, {"class_name": "MaxPooling2D", "config": {"name": "maxpool1", "trainable": true, "dtype": "float32", "pool_size": [2, 2], "padding": "valid", "strides": [2, 2], "data_format": "channels_last"}, "name": "maxpool1", "inbound_nodes": [{"args": [{"class_name": "__keras_tensor__", "config": {"shape": [null, 48, 48, 256], "dtype": "float32", "keras_history": ["conv3", 0, 0]}}], "kwargs": {}}]}, {"class_name": "GlobalAveragePooling2D", "config": {"name": "global_avg_pooling", "trainable": true, "dtype": "float32", "data_format": "channels_last", "keepdims": false}, "name": "global_avg_pooling", "inbound_nodes": [{"args": [{"class_name": "__keras_tensor__", "config": {"shape": [null, 24, 24, 256], "dtype": "float32", "keras_history": ["maxpool1", 0, 0]}}], "kwargs": {}}]}, {"class_name": "Dense", "config": {"name": "dense1", "trainable": true, "dtype": "float32", "units": 512, "activation": "relu", "use_bias": true, "kernel_initializer": {"module": "keras.initializers", "class_name": "GlorotUniform", "config": {"seed": null}, "registered_name": null}, "bias_initializer": {"module": "keras.initializers", "class_name": "Zeros", "config": {}, "registered_name": null}, "kernel_regularizer": null, "bias_regularizer": null, "kernel_constraint": null, "bias_constraint": null}, "name": "dense1", "inbound_nodes": [{"args": [{"class_name": "__keras_tensor__", "config": {"shape": [null, 256], "dtype": "float32", "keras_history": ["global_avg_pooling", 0, 0]}}], "kwargs": {}}]}, {"class_name": "BatchNormalization", "config": {"name": "batchnorm1", "trainable": true, "dtype": "float32", "axis": -1, "momentum": 0.99, "epsilon": 0.001, "center": true, "scale": true, "beta_initializer": {"module": "keras.initializers", "class_name": "Zeros", "config": {}, "registered_name": null}, "gamma_initializer": {"module": "keras.initializers", "class_name": "Ones", "config": {}, "registered_name": null}, "moving_mean_initializer": {"module": "keras.initializers", "class_name": "Zeros", "config": {}, "registered_name": null}, "moving_variance_initializer": {"module": "keras.initializers", "class_name": "Ones", "config": {}, "registered_name": null}, "beta_regularizer": null, "gamma_regularizer": null, "beta_constraint": null, "gamma_constraint": null, "synchronized": false}, "name": "batchnorm1", "inbound_nodes": [{"args": [{"class_name": "__keras_tensor__", "config": {"shape": [null, 512], "dtype": "float32", "keras_history": ["dense1", 0, 0]}}], "kwargs": {"mask": null}}]}, {"class_name": "Dropout", "config": {"name": "dropout1", "trainable": true, "dtype": "float32", "rate": 0.5, "seed": null, "noise_shape": null}, "name": "dropout1", "inbound_nodes": [{"args": [{"class_name": "__keras_tensor__", "config": {"shape": [null, 512], "dtype": "float32", "keras_history": ["batchnorm1", 0, 0]}}], "kwargs": {"training": false}}]}, {"class_name": "Dense", "config": {"name": "output", "trainable": true, "dtype": "float32", "units": 7, "activation": "softmax", "use_bias": true, "kernel_initializer": {"module": "keras.initializers", "class_name": "GlorotUniform", "config": {"seed": null}, "registered_name": null}, "bias_initializer": {"module": "keras.initializers", "class_name": "Zeros", "config": {}, "registered_name": null}, "kernel_regularizer": null, "bias_regularizer": null, "kernel_constraint": null, "bias_constraint": null}, "name": "output", "inbound_nodes": [{"args": [{"class_name": "__keras_tensor__", "config": {"shape": [null, 512], "dtype": "float32", "keras_history": ["dropout1", 0, 0]}}], "kwargs": {}}]}], "input_layers": [["input_layer_7", 0, 0]], "output_layers": [["output", 0, 0]]}}, "training_config": {"loss": "sparse_categorical_crossentropy", "loss_weights": null, "metrics": ["accuracy"], "weighted_metrics": null, "run_eagerly": false, "steps_per_execution": 1, "jit_compile": true, "optimizer_config": {"class_name": "Adam", "config": {"name": "adam", "learning_rate": 0.0010000000474974513, "weight_decay": null, "clipnorm": null, "global_clipnorm": null, "clipvalue": null, "use_ema": false, "ema_momentum": 0.99, "ema_overwrite_frequency": null, "loss_scale_factor": null, "gradient_accumulation_steps": null, "beta_1": 0.9, "beta_2": 0.999, "epsilon": 1e-07, "amsgrad": false}}}}, "weightsManifest": [{"paths": ["group1-shard1of1.bin"], "weights": [{"name": "gamma8", "shape": [512], "dtype": "float32"}, {"name": "beta8", "shape": [512], "dtype": "float32"}, {"name": "moving_mean8", "shape": [512], "dtype": "float32"}, {"name": "moving_variance8", "shape": [512], "dtype": "float32"}, {"name": "kernel2", "shape": [3, 3, 3, 64], "dtype": "float32"}, {"name": "bias2", "shape": [64], "dtype": "float32"}, {"name": "kernel3", "shape": [3, 3, 64, 128], "dtype": "float32"}, {"name": "bias3", "shape": [128], "dtype": "float32"}, {"name": "kernel4", "shape": [3, 3, 128, 256], "dtype": "float32"}, {"name": "bias4", "shape": [256], "dtype": "float32"}, {"name": "kernel7", "shape": [256, 512], "dtype": "float32"}, {"name": "bias7", "shape": [512], "dtype": "float32"}, {"name": "kernel10", "shape": [512, 7], "dtype": "float32"}, {"name": "bias10", "shape": [7], "dtype": "float32"}]}]}